{
  "code": "0",
  "msg": "ok",
  "data": [
    {
      "id": 123,
      "img": "http://iph.href.lu/100x100?text=展位图",
      "content": "一个啊实打实大苏打实打实",
      "title": "标题内容",
      "price": 199.12,
      "LookNumber": 1,
      "info": {
        "portrait": "http://iph.href.lu/100x100?text=头像",
        "name": "用户名称"
      }
    },
    {
      "id": 123123,
      "img": "http://iph.href.lu/100x100?text=展位图",
      "content": "一个啊实打实大苏打实打实",
      "title": "标题内容",
      "price": 199.12,
      "LookNumber": 1,
      "info": {
        "portrait": "http://iph.href.lu/100x100?text=头像",
        "name": "用户名称"
      }
    },
    {
      "id": 123453,
      "img": "http://iph.href.lu/100x100?text=展位图",
      "content": "一个啊实打实大苏打实打实",
      "title": "标题内容",
      "price": 199.12,
      "LookNumber": 1,
      "info": {
        "portrait": "http://iph.href.lu/100x100?text=头像",
        "name": "用户名称"
      }
    },
    {
      "id": 1237,
      "img": "http://iph.href.lu/100x100?text=展位图",
      "content": "一个啊实打实大苏打实打实",
      "title": "标题内容",
      "price": 199.12,
      "LookNumber": 1,
      "info": {
        "portrait": "http://iph.href.lu/100x100?text=头像",
        "name": "用户名称"
      }
    },
    {
      "id": 125673,
      "img": "http://iph.href.lu/100x100?text=展位图",
      "content": "一个啊实打实大苏打实打实",
      "title": "标题内容",
      "price": 199.12,
      "LookNumber": 1,
      "info": {
        "portrait": "http://iph.href.lu/100x100?text=头像",
        "name": "用户名称"
      }
    },
    {
      "id": 16786723,
      "img": "http://iph.href.lu/100x100?text=展位图",
      "content": "一个啊实打实大苏打实打实",
      "title": "标题内容",
      "price": 199.12,
      "LookNumber": 1,
      "info": {
        "portrait": "http://iph.href.lu/100x100?text=头像",
        "name": "用户名称"
      }
    },
    {
      "id": 189023,
      "img": "http://iph.href.lu/100x100?text=展位图",
      "content": "一个啊实打实大苏打实打实",
      "title": "标题内容",
      "price": 199.12,
      "LookNumber": 1,
      "info": {
        "portrait": "http://iph.href.lu/100x100?text=头像",
        "name": "用户名称"
      }
    },
    {
      "id": 1245343,
      "img": "http://iph.href.lu/100x100?text=展位图",
      "content": "一个啊实打实大苏打实打实",
      "title": "标题内容",
      "price": 199.12,
      "LookNumber": 1,
      "info": {
        "portrait": "http://iph.href.lu/100x100?text=头像",
        "name": "用户名称"
      }
    },
    {
      "id": 1890323,
      "img": "http://iph.href.lu/100x100?text=展位图",
      "content": "一个啊实打实大苏打实打实",
      "title": "标题内容",
      "price": 199.12,
      "LookNumber": 1,
      "info": {
        "portrait": "http://iph.href.lu/100x100?text=头像",
        "name": "用户名称"
      }
    },
    {
      "id": 1245345643,
      "img": "http://iph.href.lu/100x100?text=展位图",
      "content": "一个啊实打实大苏打实打实",
      "title": "标题内容",
      "price": 199.12,
      "LookNumber": 1,
      "info": {
        "portrait": "http://iph.href.lu/100x100?text=头像",
        "name": "用户名称"
      }
    }
  ]
}
