{
  "code": "0",
  "msg": "ok",
  "data": [
    {
      "msg": "留言内容1",
      "time": "2019年3月30日",
      "info": {
        "portrait": "http://iph.href.lu/100x100?text=头像1",
        "name": "留言名字2"
      }
    },
    {
      "msg": "留言内容2",
      "time": "2019年3月30日",
      "info": {
        "portrait": "http://iph.href.lu/100x100?text=头像2",
        "name": "留言名字2"
      }
    },
    {
      "msg": "留言内容2",
      "time": "2019年3月30日",
      "info": {
        "portrait": "http://iph.href.lu/100x100?text=头像2",
        "name": "留言名字2"
      }
    },
    {
      "msg": "留言内容1",
      "time": "2019年3月30日",
      "info": {
        "portrait": "http://iph.href.lu/100x100?text=头像1",
        "name": "留言名字2"
      }
    },
    {
      "msg": "留言内容2",
      "time": "2019年3月30日",
      "info": {
        "portrait": "http://iph.href.lu/100x100?text=头像2",
        "name": "留言名字2"
      }
    },
    {
      "msg": "留言内容2",
      "time": "2019年3月30日",
      "info": {
        "portrait": "http://iph.href.lu/100x100?text=头像2",
        "name": "留言名字2"
      }
    }
  ]
}
