{
  "code": "0",
  "msg": "ok",
  "data": {
    "id": "1241235235234",
    "images": [
      "http://iph.href.lu/100x100?text=展位图1",
      "http://iph.href.lu/100x100?text=展位图2",
      "http://iph.href.lu/100x100?text=展位图3"
    ],
    "title": "我是宝贝标题",
    "status": "0代表发布,1代表支付了,2代表发货了,3代表取消发布了,4代表完成,5代表纠纷由后台处理",
    "detailsContent": "抖音同款网红粉色猫抓杯水杯子双层玻璃少女可爱粉色家用 【抖音爆款】【有字母】网红款创意猫爪杯，磨砂质地，特别设计杯底会变色的粉色猫咪肉球，时尚可爱，是song女朋友或者追女孩的礼物，萌妹子必须来一个！（现货秒发）星爸爸猫爪双层玻璃杯樱花粉色星巴克杯 ♥星巴克正品同步！带包装盒！包装盒齐全， 欢迎全网比对。全新现货秒发，logo包装都是正品包装带包装盒！ 包装盒齐全！本交易仅支持邮寄",
    "money": "199.12",
    "LookNumber": "123",
    "brandNew": "0",
    "isMeOrder": "是不是我的订单1就是0不是",
    "info": {
      "portrait": "http://iph.href.lu/100x100?text=头像1",
      "name": "发布者名字"
    },
    "logistics": {
      "msg": "只有是自己关联的订单才有值",
      "odd": "1231212312321单号",
      "oddName": "韵达快递",
      "name": "购买者名字",
      "phone": "18850498264",
      "location": "福建省福州市仓山区城门镇永南家园12",
      "portrait": "http://iph.href.lu/100x100?text=头像1"
    }
  }
}
